Designator,Footprint,Mid X,Mid Y,Ref X,Ref Y,Pad X,Pad Y,Layer,Rotation,Comment
"C1","C_0603_1608Metric",51.100000,40.200000,51.100000,40.200000,51.100000,40.200000,T,90.000000,"22p"
"C2","C_0603_1608Metric",48.700000,40.200000,48.700000,40.200000,48.700000,40.200000,T,90.000000,"22p"
"C3","C_0603_1608Metric",52.000000,28.500000,52.000000,28.500000,52.000000,28.500000,T,-90.000000,"1u"
"C4","C_0603_1608Metric",47.100000,37.500000,47.100000,37.500000,47.100000,37.500000,T,90.000000,"1u"
"C5","C_0603_1608Metric",39.100000,31.200000,39.100000,31.200000,39.100000,31.200000,T,180.000000,"1u"
"C6","C_0603_1608Metric",49.900000,24.300000,49.900000,24.300000,49.900000,24.300000,T,0.000000,"1u"
"C7","C_0603_1608Metric",44.250000,14.400000,44.250000,14.400000,44.250000,14.400000,T,180.000000,"4.7u"
"C8","C_0603_1608Metric",52.000000,32.500000,52.000000,32.500000,52.000000,32.500000,T,90.000000,"1u"
"C9","C_0603_1608Metric",53.500000,32.500000,53.500000,32.500000,53.500000,32.500000,T,90.000000,"1u"
"C10","C_0603_1608Metric",19.327284,21.377716,19.327284,21.377716,19.327284,21.377716,T,180.000000,"4.7u"
"C11","C_0603_1608Metric",44.250000,20.100000,44.250000,20.100000,44.250000,20.100000,T,180.000000,"4.7u"
"C12","C_0603_1608Metric",37.000000,12.500000,37.000000,12.500000,37.000000,12.500000,T,90.000000,"1u"
"C13","C_0603_1608Metric",45.600000,11.000000,45.600000,11.000000,45.600000,11.000000,T,-90.000000,"1u"
"C14","C_0603_1608Metric",45.600000,37.500000,45.600000,37.500000,45.600000,37.500000,T,90.000000,"1u"
"C16","C_0603_1608Metric",47.250000,14.400000,47.250000,14.400000,47.250000,14.400000,T,0.000000,"4.7u"
"D2","D_SOD-323",55.500000,16.100000,55.500000,16.100000,55.500000,16.100000,T,90.000000,"7.6V"
"D3","D_SOD-123",55.300000,19.600000,55.300000,19.600000,55.300000,19.600000,T,0.000000,"1N4148"
"D5","D_SOD-123F",53.300000,10.200000,53.300000,10.200000,53.300000,10.200000,T,0.000000,"D_TVS"
"D6","LED_0603_1608Metric",14.425001,46.825000,14.425001,46.825000,14.425001,46.825000,T,-90.000000,"LED"
"D7","LED_0603_1608Metric",10.000000,46.825000,10.000000,46.825000,10.000000,46.825000,T,-90.000000,"LED"
"D8","LED_0603_1608Metric",19.025000,46.825000,19.025000,46.825000,19.025000,46.825000,T,-90.000000,"LED"
"FID1","Fiducial_1mm_Dia_2mm_Outer",61.750000,45.000000,61.750000,45.000000,61.750000,45.000000,T,0.000000,"Fiducial"
"FID2","Fiducial_1mm_Dia_2mm_Outer",1.250000,2.750000,1.250000,2.750000,1.250000,2.750000,T,0.000000,"Fiducial"
"J2","SMA_6.35_EdgeMount",2.100000,23.200000,2.100000,23.200000,2.100000,23.200000,T,180.000000,"ANT"
"J9","USB_Micro-B_Vertical_Molex-105133-0001",59.880000,23.850000,59.880000,23.850000,59.880000,23.850000,T,90.000000,"USB micro"
"Q1","SOT-23",39.500000,12.500000,39.500000,12.500000,39.500000,12.500000,T,-90.000000,"Q_PMOS_GSD"
"Q2","SOT-23",39.600000,17.500000,39.600000,17.500000,39.600000,17.500000,T,-90.000000,"Q_NMOS_GSD"
"Q3","SOT-23",52.800000,13.100000,52.800000,13.100000,52.800000,13.100000,T,180.000000,"Q_PMOS_GSD"
"Q4","SOT-23",51.500000,16.600000,51.500000,16.600000,51.500000,16.600000,T,180.000000,"Q_PMOS_GSD"
"Q7","SOT-23",22.300000,11.800000,22.300000,11.800000,22.300000,11.800000,T,180.000000,"Q_PMOS_GSD"
"R1","R_0603_1608Metric",53.600000,28.500000,53.600000,28.500000,53.600000,28.500000,T,90.000000,"1k"
"R3","R_0603_1608Metric",37.000000,15.500000,37.000000,15.500000,37.000000,15.500000,T,90.000000,"1M"
"R4","R_0603_1608Metric",25.100000,11.700001,25.100000,11.700001,25.100000,11.700001,T,90.000000,"1M"
"R5","R_0603_1608Metric",26.699999,11.700000,26.699999,11.700000,26.699999,11.700000,T,90.000000,"150"
"R6","R_0603_1608Metric",11.800000,11.500000,11.800000,11.500000,11.800000,11.500000,T,-90.000000,"4.7k"
"R7","R_0603_1608Metric",19.200000,11.500001,19.200000,11.500001,19.200000,11.500001,T,-90.000000,"4.7k"
"R8","R_0603_1608Metric",39.500000,15.000000,39.500000,15.000000,39.500000,15.000000,T,180.000000,"1M"
"R9","R_0603_1608Metric",29.000000,13.500000,29.000000,13.500000,29.000000,13.500000,T,-90.000000,"1M"
"R10","R_0603_1608Metric",39.500000,21.500000,39.500000,21.500000,39.500000,21.500000,T,0.000000,"150"
"R11","R_0603_1608Metric",42.300000,11.000000,42.300000,11.000000,42.300000,11.000000,T,90.000000,"20k"
"R12","R_0603_1608Metric",44.100000,11.010000,44.100000,11.010000,44.100000,11.010000,T,90.000000,"10k"
"R13","R_0603_1608Metric",14.425000,43.825000,14.425000,43.825000,14.425000,43.825000,T,90.000000,"1k"
"R14","R_0603_1608Metric",10.000000,43.825000,10.000000,43.825000,10.000000,43.825000,T,90.000000,"1k"
"R15","R_0603_1608Metric",19.025000,43.825000,19.025000,43.825000,19.025000,43.825000,T,90.000000,"1k"
"R16","R_0603_1608Metric",39.500000,20.000000,39.500000,20.000000,39.500000,20.000000,T,180.000000,"1M"
"R17","R_0603_1608Metric",33.300000,37.800000,33.300000,37.800000,33.300000,37.800000,T,180.000000,"1M"
"R19","R_0603_1608Metric",33.300000,33.800000,33.300000,33.800000,33.300000,33.800000,T,0.000000,"1M"
"R21","R_0603_1608Metric",55.300000,12.900000,55.300000,12.900000,55.300000,12.900000,T,-90.000000,"1M"
"R24","R_0603_1608Metric",57.300000,16.100000,57.300000,16.100000,57.300000,16.100000,T,90.000000,"1M"
"R25","R_0603_1608Metric",54.700000,35.600000,54.700000,35.600000,54.700000,35.600000,T,180.000000,"1k"
"SW1","SW_Push_1P1T_NO_6x6mm_H9.5mm",37.000000,46.700000,37.000000,46.700000,37.000000,46.700000,T,0.000000,"SW_Test"
"SW2","SW_Push_1P1T_NO_6x6mm_H9.5mm",48.800000,46.700000,48.800000,46.700000,48.800000,46.700000,T,0.000000,"SW_Reset"
"TH1","Fuse_1206_3216Metric",48.700000,10.200000,48.700000,10.200000,48.700000,10.200000,T,0.000000,"Thermistor_PTC"
"U1","SOIC-8_3.9x4.9mm_P1.27mm",33.000000,14.500000,33.000000,14.500000,33.000000,14.500000,T,-90.000000,"SN65HVD72"
"U2","TQFP-48_7x7mm_P0.5mm",45.900000,30.300000,45.900000,30.300000,45.900000,30.300000,T,-90.000000,"ATSAMD21G18A-AUT"
"U4","SOT-23-5",46.050000,17.400000,46.050000,17.400000,46.050000,17.400000,T,90.000000,"NCP718"
"Y1","Crystal_SMD_3215-2pin_3.2x1.5mm",49.900001,37.499999,49.900001,37.499999,49.900001,37.499999,T,180.000000,"32.768"
